,Job Title,Organization,Location,Application Deadline
0,NEW  Co-Op Student- Information Technologies & Solutions,Sanofi Pasteur,"Toronto, ON","Feb 29, 2020 11:59 PM"
1,NEW  2021: Co-op: Computer Science / Engineering / Information Technology,Canadian Security Intelligence Service,Various Locations Across Canada,"Feb 19, 2020 11:59 PM"
2,Co-op - 4 month Innovation and Advanced Technology Controls Student- (#ENG0043530 ),General Motors of Canada LTD (GM),"Oshawa, ON","Feb 12, 2020 11:59 PM"
3,Co-op - 12-16 month Innovation and Advanced Technology Controls Student- (#ENG0043524),General Motors of Canada LTD (GM),"Oshawa, ON","Feb 12, 2020 11:59 PM"
4,Co-op - DEF Development Engineering Intern- (#ENG0043513),General Motors of Canada LTD (GM),"Oshawa, ON","Feb 9, 2020 11:59 PM"
5,Co-op - CAE Engineering Student- (#ENG0043503),General Motors of Canada LTD (GM),"Oshawa, ON","Feb 9, 2020 11:59 PM"
6,NEW  Student - Rates (#6494),Toronto Hydro,"Toronto, ON","Feb 5, 2020 11:59 PM"
7,"NEW  Software Developer - Coop (Fredericton, NB) - (#287241BR)",IBM,"Fredericton, NB","Feb 4, 2020 11:59 PM"
8,"NEW  Technical Support Engineer - Internship (Markham, ON) - (#288610BR)",IBM,"Markham, ON","Feb 4, 2020 11:59 PM"
9,"NEW  Software Engineer - Internship (Markham, ON) - (#288884BR)",IBM,"Markham, ON","Feb 4, 2020 11:59 PM"
10,"NEW  Technical Writer - Internship (Markham, ON) - (#288410BR)",IBM,"Markham, ON","Feb 4, 2020 11:59 PM"
11,"NEW  Software Developer - Coop (Fredericton, NB) - (#287213BR)",IBM,"Fredericton, NB","Feb 4, 2020 11:59 PM"
12,"NEW  Software Developer - Coop (Fredericton, NB) - (#287226BR)",IBM,"Fredericton, NB","Feb 4, 2020 11:59 PM"
13,"NEW  Software Developer: Automation Dev. & Testing- Coop (Fredericton,NB) - (#287230BR)",IBM,"Fredericton, NB","Feb 4, 2020 11:59 PM"
14,"NEW  Remote Support Engineer - Storage - Coop (Markham, ON) - (#288885BR)",IBM,"Markham, ON","Feb 4, 2020 11:59 PM"
15,"NEW  UX/UI Designer - Coop (Toronto, ON) - (#287238BR)",IBM,"Toronto, ON","Feb 4, 2020 11:59 PM"
16,NEW  Global 7500 Certification Intern (#2020_Summer_268),Bombardier,"Toronto, ON","Feb 4, 2020 11:59 PM"
17,NEW  Extreme Blue Technical (#276915BR),IBM,"Ottawa or Markham, ON","Feb 4, 2020 11:59 PM"
18,NEW  Data Scientist Co-op (#290243BR),IBM,"Calgary, AB","Feb 4, 2020 11:59 PM"
19,NEW  Software Engineer Co-op (#290247BR),IBM,"Toronto, ON","Feb 4, 2020 11:59 PM"
20,NEW  UX/UI Designer Co-op (#290247BR),IBM,"Ottawa, ON","Feb 4, 2020 11:59 PM"
21,NEW  Technical Writer Co-op (#290763BR),IBM,"Fredericton, NB","Feb 4, 2020 11:59 PM"
22,NEW  Cloud Delivery Services Coordinator (#290799BR),IBM,"London, ON","Feb 4, 2020 11:59 PM"
23,NEW  Junior Security Analyst (#290802BR),IBM,"London, ON","Feb 4, 2020 11:59 PM"
24,"NEW  Software Developer - Coop (Fredericton or Saint John, NB) Introduction - (#288633BR)",IBM,New Brunswick,"Feb 4, 2020 11:59 PM"
25,"NEW  Systems Skills Developer - Coop (Markham, ON) -(#289946BR)",IBM,"Markham, ON","Feb 4, 2020 11:59 PM"
26,"NEW  Automation Dev & Test - Coop (Fredericton, NB) - (#289951BR)",IBM,"Fredericton, NB","Feb 4, 2020 11:59 PM"
27,Software Development Engineer Intern (#908772),Amazon,"Vancouver, BC, CA","Feb 4, 2020 11:59 PM"
28,IT Co-op (GTA) - Summer 2020 Session / Canadian Tire Corporation - C04VKO,Canadian Tire Corporation,"Toronto and Oakville, ON","Feb 3, 2020 11:59 PM"
29,Technical Specialist Co-op- GTA - C04VKP,Canadian Tire Corporation,"Toronto, ON","Feb 3, 2020 11:59 PM"
30,"Technical Specialist Co-op, Summer 2020 (Welland) - ( C04VKR)",Canadian Tire Corporation,"Welland, ON","Feb 3, 2020 11:59 PM"
31,"IT Co-op, Summer 2020 (Calgary) 8 months - (C04VKQ)",Canadian Tire Corporation,"Calgary, AB","Feb 3, 2020 11:59 PM"
32,"Project Coordinator Co-op, Summer 2020 - (C04VKK)",Canadian Tire Corporation,"Toronto, ON","Feb 3, 2020 11:59 PM"
33,Data and Analytics Co-op - ( C04VKH),Canadian Tire Corporation,"Toronto and Oakville, ON","Feb 3, 2020 11:59 PM"
34,Data and Analytics (Calgary)- ( C04VKT),Canadian Tire Corporation,"Calgary, AB","Feb 3, 2020 11:59 PM"
35,"Big Data Intern, Embedded Systems","Geotab, Inc.","Oakville, ON","Feb 3, 2020 11:59 PM"
36,Database Administration Intern,"Geotab, Inc.","Oakville, ON","Feb 3, 2020 11:59 PM"
37,Embedded Systems - Production Testing Intern,"Geotab, Inc.","Oakville, ON","Feb 3, 2020 11:59 PM"
38,Embedded Systems Development Intern (Security),"Geotab, Inc.","Oakville, ON","Feb 3, 2020 11:59 PM"
39,Front End Developer Intern,"Geotab, Inc.","Oakville, ON","Feb 3, 2020 11:59 PM"
40,Python Developer Intern,"Geotab, Inc.","Oakville, ON","Feb 3, 2020 11:59 PM"
41,Security Applications Intern,"Geotab, Inc.","Oakville, ON","Feb 3, 2020 11:59 PM"
42,Security Operations Specialist Intern,"Geotab, Inc.","Oakville, ON","Feb 3, 2020 11:59 PM"
43,Software Developer Intern,"Geotab, Inc.","Oakville, ON","Feb 3, 2020 11:59 PM"
44,UX Developer Intern,"Geotab, Inc.","Oakville, ON","Feb 3, 2020 11:59 PM"
45,Data Research Analyst (Intern),TransCore Link Logistics,"Toronto, ON","Feb 3, 2020 11:59 PM"
46,Web Developer,TransCore Link Logistics,"Toronto, ON","Feb 3, 2020 11:59 PM"
47,NEW  DevOps Engineering,Bell Canada,"Mississauga, ON","Feb 2, 2020 11:59 PM"
48,NEW  Summer Student (#SUM2020 - 09),Ontario Energy Board,"Toronto, ON","Feb 2, 2020 11:59 PM"
49,NEW  Summer Student- Electricity Distribution (#SUM2020 - 10),Ontario Energy Board,,"Feb 2, 2020 11:59 PM"
50,NEW  Summer Student-Performance Analytics & Reporting (#SUM2020 - 11),Ontario Energy Board,"Toronto, ON","Feb 2, 2020 11:59 PM"
51,NEW  Digital Strategy and Support Co-Op - (#JobReq0399418),Manulife,"Waterloo, ON","Feb 2, 2020 11:59 PM"
52,NEW  Business Analytics Specialist Co-op (#JobReq0398771),Manulife,"Waterloo, ON","Feb 2, 2020 11:59 PM"
53,NEW  Digital Analytics Coordinator Co-op -(#JobReq0398751),Manulife,"Toronto, ON","Feb 2, 2020 11:59 PM"
54,NEW  Models & Analytics Co-op -(#JobReq0397909),Manulife,"Toronto, ON","Feb 2, 2020 11:59 PM"
55,IT-Dev/QA Co-op Student,Ministry of Health and Long-term Care,"Toronto, ON","Feb 2, 2020 11:59 PM"
56,Co-op (Junior Software Developer),Cloud Syn Apps,"Mississauga, ON","Feb 2, 2020 11:59 PM"
57,Full Stack Developer,Nascent Digital,"Toronto, ON","Feb 2, 2020 11:59 PM"
58,Compiler Developer - Coop,IBM,"Markham, ON","Jan 31, 2020 11:59 PM"
59,"Req #43996 - Student Intern, Web Cloud Solution",Celestica,"Toronto, ON","Jan 31, 2020 11:59 PM"
60,"Req #45089 - Student Intern, IT Application Associate",Celestica,"Toronto, ON","Jan 31, 2020 11:59 PM"
61,"Req # 44893 - Student Intern, Enterprise Architecture",Celestica,"Toronto, ON","Jan 31, 2020 11:59 PM"
62,"Req # 44084 - Student Intern, Aerospace and Defence / Customer Materials",Celestica,"Toronto, ON","Jan 31, 2020 11:59 PM"
63,"Req # 45190 - Student Intern, IT",Celestica,"Toronto, ON","Jan 31, 2020 11:59 PM"
64,"Req # 45329 - Student Intern, Engineering Software Developer",Celestica,"Toronto, ON","Jan 31, 2020 11:59 PM"
65,"Req #44869 - Student Intern, Energy",Celestica,"Toronto, ON","Jan 31, 2020 11:59 PM"
66,"Req # 44048 - Student Intern, Web Solutions Associate",Celestica,"Toronto, ON","Jan 31, 2020 11:59 PM"
67,"Req # 43958- Student Intern, Operations Technology",Celestica,"Toronto, ON","Jan 31, 2020 11:59 PM"
68,"Req # 44310 - Student Intern, Customer Data Analyst",Celestica,"Toronto, ON","Jan 31, 2020 11:59 PM"
69,"Req #44369 - Student Intern, IT Security and Compliance",Celestica,"Toronto, ON","Jan 31, 2020 11:59 PM"
70,"Req # 43979 - Student Intern, Supply Chain Management (Procurement)",Celestica,"Toronto, ON","Jan 31, 2020 11:59 PM"
71,"Student Intern, Business Application Development (#45191)",Celestica,"Toronto, ON","Jan 31, 2020 11:59 PM"
72,"Req # 45964 - Student Intern, Process and Application",Celestica,"Toronto, ON","Jan 31, 2020 11:59 PM"
73,"Req # 44229 - Student Intern, Data Warehouse Developer",Celestica,"Toronto, ON","Jan 31, 2020 11:59 PM"
74,"Req #44892 - Student Intern, Project Management (IT)",Celestica,"Toronto, ON","Jan 31, 2020 11:59 PM"
75,"Req #46150 - Student Intern, Process Automation Configuration (IT)",Celestica,"Toronto, ON","Jan 31, 2020 11:59 PM"
76,"Req #46525 - Student Intern, SCM Business Analytics",Celestica,"Toronto, ON","Jan 31, 2020 11:59 PM"
77,Visual Designer- Internship (#291549BR),IBM,"Markham, ON","Jan 31, 2020 11:59 PM"
78,Front End Developer - Coop (#291501BR),IBM,"Ottawa, ON","Jan 31, 2020 11:59 PM"
79,Process Automation Developer (#290296BR),IBM,"Markham, ON","Jan 31, 2020 11:59 PM"
80,UX/UI Designer - Coop (#291237BR),IBM,"Markham, ON","Jan 31, 2020 11:59 PM"
81,"NEW  Software Developer - Coop (Mississauga, ON) - #290820BR",IBM,"Mississauga, ON","Jan 31, 2020 11:59 PM"
82,"NEW  Back-End Developer (Frederickton, NB) (#291337BR)",IBM,"Frederickton, NB","Jan 31, 2020 11:59 PM"
83,"NEW  Asset Management, Business Intelligence & Reporting Analyst (80678)",Scotiabank,"Toronto, ON","Jan 31, 2020 11:59 PM"
84,NEW  Analytics Engineer Co-op (80463),Scotiabank,"Toronto, ON","Jan 31, 2020 11:59 PM"
85,NEW  Co-Op Information Security Coordinator (RD) - (#2000333),CIBC,"Toronto, ON","Jan 30, 2020 11:59 PM"
86,NEW  Co-Op Information Security Coordinator (RA) -(#2000334),CIBC,"Toronto, ON","Jan 30, 2020 11:59 PM"
87,Software Development Student - 8 Month Summer Term (#20191937),BlackBerry,"Waterloo, ON","Jan 30, 2020 11:59 PM"
88,NEW  IT Project Coordinator - 4 months - (#1921533),CIBC,"Toronto, ON","Jan 30, 2020 11:59 PM"
89,NEW  IT Project Coordinator - 8 months - (#1921536),CIBC,"Toronto, ON","Jan 30, 2020 11:59 PM"
90,NEW  IT Project Coordinator - 12 months - (#1921628),CIBC,"Toronto, ON","Jan 30, 2020 11:59 PM"
91,NEW  Innovation Engineer - 4 months - (#1921630),CIBC,"Toronto, ON","Jan 30, 2020 11:59 PM"
92,NEW  Innovation Engineer - 8 months - (#1921631),CIBC,"Toronto, ON","Jan 30, 2020 11:59 PM"
93,NEW  Innovation Engineer - 12 months - (#1921632),CIBC,"Toronto, ON","Jan 30, 2020 11:59 PM"
94,NEW  Test Analyst - 4 months - (#1921639),CIBC,"Toronto, ON","Jan 30, 2020 11:59 PM"
95,NEW  Test Analyst - 8 months - (#1921641),CIBC,"Toronto, ON","Jan 30, 2020 11:59 PM"
96,NEW  Test Analyst - 12 months - (#1921642),CIBC,"Toronto, ON","Jan 30, 2020 11:59 PM"
97,NEW  Technical Systems Analyst - 4 months - (# 1921643),CIBC,"Toronto, ON","Jan 30, 2020 11:59 PM"
98,NEW  Technical Systems Analyst - 8 months - (# 1921644),CIBC,"Toronto, ON","Jan 30, 2020 11:59 PM"
99,NEW  Technical Systems Analyst - 12 months - (# 1921645),CIBC,"Toronto, ON","Jan 30, 2020 11:59 PM"
